timestamp,ticker,action,quantity,exchange,price,commission
1980-12-31 00:00:00,AAPL,BOT,1200000,ARCA,34.13,6000.0
1981-03-31 00:00:00,AAPL,SLD,18803334,ARCA,24.5,94016.67
1981-04-30 00:00:00,AAPL,BOT,1332186598,ARCA,28.38,6660932.99
1981-06-30 00:00:00,AAPL,SLD,6560395578,ARCA,26.0,32801977.89
1981-07-31 00:00:00,AAPL,BOT,433647885131,ARCA,25.0,2168239425.655
1981-08-31 00:00:00,AAPL,SLD,4646000283342,ARCA,20.13,23230001416.71
1981-09-30 00:00:00,AAPL,BOT,387921760597556,ARCA,15.25,1939608802987.78
1981-11-30 00:00:00,AAPL,BOT,2333589273812609,ARCA,18.63,11667946369063.045
1981-12-31 00:00:00,AAPL,BOT,16883375290559138,ARCA,22.13,84416876452795.69
1982-03-31 00:00:00,AAPL,SLD,240860532538427776,ARCA,16.88,1204302662692139.0
1982-04-30 00:00:00,AAPL,BOT,19053224172299493376,ARCA,14.75,9.526612086149747e+16
1982-06-30 00:00:00,AAPL,SLD,142065909912885542912,ARCA,12.75,7.103295495644278e+17
1982-08-31 00:00:00,AAPL,BOT,8455921534517597175808,ARCA,18.0,4.2279607672587985e+19
1982-09-30 00:00:00,AAPL,SLD,4300155152588901711872,ARCA,18.25,2.1500775762944508e+19
1982-11-30 00:00:00,AAPL,BOT,68422645343696772399104,ARCA,31.88,3.4211322671848384e+20
1982-12-31 00:00:00,AAPL,SLD,119263397922419490422784,ARCA,29.87,5.963169896120974e+20
1983-01-31 00:00:00,AAPL,BOT,3323099367921624901746688,ARCA,40.87,1.6615496839608123e+22
1983-02-28 00:00:00,AAPL,BOT,11292042206714395203993600,ARCA,45.62,5.646021103357198e+22
1983-03-31 00:00:00,AAPL,SLD,45932390925464310944628736,ARCA,42.25,2.2966195462732155e+23
1983-05-31 00:00:00,AAPL,BOT,2222258106266809582797979648,ARCA,57.75,1.1111290531334048e+25
1983-06-30 00:00:00,AAPL,SLD,18320326572106614466787934208,ARCA,48.88,9.160163286053308e+25
1983-08-31 00:00:00,AAPL,BOT,1510436089883864968843598233600,ARCA,37.25,7.552180449419325e+27
1983-09-30 00:00:00,AAPL,SLD,39106149513082692888840625979392,ARCA,23.13,1.9553074756541345e+29
1983-10-31 00:00:00,AAPL,BOT,3127810062332161580473764469014528,ARCA,22.63,1.5639050311660809e+31
1983-11-30 00:00:00,AAPL,SLD,18178583012449042431436331176427520,ARCA,20.38,9.089291506224522e+31
1984-01-31 00:00:00,AAPL,BOT,1106932255704278114755244593661345792,ARCA,24.75,5.534661278521391e+33
1984-02-29 00:00:00,AAPL,BOT,1365146760773609513275814710463168512,ARCA,26.25,6.825733803868048e+33
1984-04-30 00:00:00,AAPL,BOT,16077415484686583024853581519124430848,ARCA,31.38,8.038707742343291e+34
1984-05-31 00:00:00,AAPL,SLD,50673726937574963135311310734227406848,ARCA,29.37,2.533686346878748e+35
1984-07-31 00:00:00,AAPL,BOT,2779820349615229999481737059093352284160,ARCA,25.5,1.389910174807615e+37
1984-08-31 00:00:00,AAPL,BOT,1218140643979863235713092108338390368256,ARCA,26.5,6.090703219899317e+36
1984-10-31 00:00:00,AAPL,SLD,10254051816758533462540928289432204738560,ARCA,24.87,5.127025908379267e+37
1984-11-30 00:00:00,AAPL,BOT,505898447814217654419889282555405259505664,ARCA,24.75,2.5294922390710885e+39
1984-12-31 00:00:00,AAPL,BOT,2523529357074867527464661068457589524660224,ARCA,29.12,1.2617646785374339e+40
1985-01-31 00:00:00,AAPL,SLD,471634768062882393609181966361616074145792,ARCA,29.0,2.358173840314412e+39
1985-02-28 00:00:00,AAPL,SLD,17174761818764625528842004407618620121677824,ARCA,24.75,8.587380909382314e+40
1985-04-30 00:00:00,AAPL,BOT,1298945076862236161179771808825740609963687936,ARCA,21.25,6.49472538431118e+42
1985-05-31 00:00:00,AAPL,SLD,12991948604705484781322320638816342369191854080,ARCA,17.37,6.495974302352742e+43
1985-07-31 00:00:00,AAPL,BOT,1013812824819582982423320199749388185213438263296,ARCA,15.88,5.069064124097915e+45
1985-09-30 00:00:00,AAPL,SLD,1505647669643189259351364206584151947547263369216,ARCA,15.75,7.528238348215946e+45
1985-10-31 00:00:00,AAPL,BOT,38517324464315193701369138341203153414214362595328,ARCA,18.62,1.92586622321576e+47
1985-12-31 00:00:00,AAPL,BOT,207034330552517711099372411531522070905926696566784,ARCA,22.0,1.0351716527625886e+48
1986-01-31 00:00:00,AAPL,BOT,475852964955481948301982250488356601275924132921344,ARCA,23.12,2.3792648247774097e+48
1986-02-28 00:00:00,AAPL,BOT,2138178544845340421790973001701622057594814680006656,ARCA,25.0,1.0690892724226704e+49
1986-03-31 00:00:00,AAPL,BOT,12922633744428797405024483169523573400091680592363520,ARCA,28.25,6.461316872214399e+49
1986-04-30 00:00:00,AAPL,BOT,40952718472346366388599879922069636151932977481252864,ARCA,30.25,2.0476359236173182e+50
1986-06-30 00:00:00,AAPL,BOT,352809579574045413339979511381306606196899001231474688,ARCA,35.88,1.764047897870227e+51
1986-07-31 00:00:00,AAPL,SLD,2413257797453789428801254162351435557845286481018486784,ARCA,31.25,1.2066288987268947e+52
1986-09-30 00:00:00,AAPL,BOT,158973780056871537804214095761746455873106001841222582272,ARCA,33.5,7.948689002843577e+53
1986-10-31 00:00:00,AAPL,BOT,39410950696395200508775264449898477008364443820454051840,ARCA,34.63,1.97054753481976e+53
1986-12-31 00:00:00,AAPL,BOT,1123641160070188239215938997297285745531153049210868203520,ARCA,40.5,5.618205800350941e+54
1987-03-31 00:00:00,AAPL,BOT,19527656190703284354260252882861396451269432852490963910656,ARCA,64.5,9.763828095351642e+55
1987-04-30 00:00:00,AAPL,BOT,153752828824621066055024952174583496490229166971884603965440,ARCA,79.25,7.687641441231053e+56
1987-06-30 00:00:00,AAPL,SLD,3387616859686248263970743786857218765566375130031610908377088,ARCA,40.5,1.6938084298431242e+58
1987-07-31 00:00:00,AAPL,BOT,129223401283849115316077598599083309944654311380443403198136320,ARCA,41.25,6.461170064192456e+59
1987-08-31 00:00:00,AAPL,BOT,430660386521634719130871308469894663567294222189583074391490560,ARCA,54.0,2.1533019326081737e+60
1987-09-30 00:00:00,AAPL,BOT,484450444442390369756748530290269701769936375200736938800709632,ARCA,56.5,2.422252222211952e+60
1987-11-30 00:00:00,AAPL,SLD,14242617879248455999289938022604608351688904231689251640213241856,ARCA,33.0,7.121308939624228e+61
1987-12-31 00:00:00,AAPL,BOT,481820170265905216205429310792447189150007894568905611990135734272,ARCA,42.0,2.4091008513295263e+63
1988-02-29 00:00:00,AAPL,SLD,392524991474470887781477251105393978187627192830805878590901583872,ARCA,43.0,1.9626249573723546e+63
1988-03-31 00:00:00,AAPL,SLD,110973704398926994444764287417349386348415331409177339924853030912,ARCA,40.0,5.54868521994635e+62
1988-05-31 00:00:00,AAPL,BOT,1387557210424385155260435733654364732961490070937544215878938132480,ARCA,41.5,6.937786052121925e+63
1988-06-30 00:00:00,AAPL,BOT,1316471812466646579834494435348144627075087401908168666888152285184,ARCA,46.25,6.582359062333233e+63
1988-08-31 00:00:00,AAPL,SLD,7674656350904520173353301266889241260850539986734030769125576409088,ARCA,39.88,3.83732817545226e+64
1988-09-30 00:00:00,AAPL,BOT,193908699522060252791684203343951956337385810469336972026092965593088,ARCA,43.25,9.695434976103014e+65
1988-10-31 00:00:00,AAPL,SLD,659975257115520739845995601206921916995449028183615819677498062405632,ARCA,38.63,3.299876285577604e+66
1988-11-30 00:00:00,AAPL,BOT,19230590460577079423808712060240482789853899034815152382356789963784192,ARCA,37.63,9.61529523028854e+67
1989-01-31 00:00:00,AAPL,SLD,19821599041299944785954882428890294460750949883078383992214569594388480,ARCA,37.75,9.910799520649973e+67
1989-02-28 00:00:00,AAPL,BOT,43559085035361343121697490612350526719237410296217221665210091704418304,ARCA,36.25,2.1779542517680673e+68
1989-03-31 00:00:00,AAPL,SLD,69096182109402891017885156251194131935946303926878889991027783515504640,ARCA,35.63,3.454809105470145e+68
1989-05-31 00:00:00,AAPL,BOT,937113341534493873015223292047485056614017074425561940383332715584290816,ARCA,47.75,4.685566707672469e+69
1989-06-30 00:00:00,AAPL,SLD,3506503563653675311131616842369188833875050385202249458650750391645372416,ARCA,41.25,1.7532517818268376e+70
1989-07-31 00:00:00,AAPL,BOT,105903164581081627691894960460558871199159456679864936248805057522529468416,ARCA,39.75,5.295158229054082e+71
1989-08-31 00:00:00,AAPL,BOT,103859454895419840411281419717930958317659957887008928292768745656158257152,ARCA,44.5,5.192972744770992e+71
1989-10-31 00:00:00,AAPL,BOT,172025829678564545263887020954744532273011608701519095484354451260940746752,ARCA,46.5,8.601291483928227e+71
1989-11-30 00:00:00,AAPL,SLD,362135740082146946908062510157301220233708845292336858602047377488067166208,ARCA,44.25,1.8106787004107348e+72
1990-01-31 00:00:00,AAPL,SLD,98723186383367286564532963142745192487081681257990970768547974005965979648,ARCA,34.0,4.936159319168364e+71
1990-02-28 00:00:00,AAPL,BOT,3235448870764725030266437896763344457752497498736349305096372931499225251840,ARCA,34.0,1.6177244353823627e+73
1990-04-30 00:00:00,AAPL,BOT,3209611505963507241521006963409597704765957565215713436319809516491453235200,ARCA,39.38,1.6048057529817536e+73
1990-05-31 00:00:00,AAPL,BOT,5850567608186621718641236257420803013588770892870873483091743748074896359424,ARCA,41.25,2.925283804093311e+73
1990-07-31 00:00:00,AAPL,BOT,4542362149683420663721285367981137655136641511336474728631722247133486645248,ARCA,42.0,2.2711810748417104e+73
1990-08-31 00:00:00,AAPL,SLD,42227515659618375877630604399556137866724194708917215272565263383443932184576,ARCA,37.0,2.1113757829809187e+74
1990-10-31 00:00:00,AAPL,BOT,1096210367487694356941336024078861286750853644369425412630955373482325212921856,ARCA,30.75,5.481051837438472e+75
1990-11-30 00:00:00,AAPL,BOT,2223671660839077613894978792212361135839779340084113537880005165863125756411904,ARCA,36.75,1.1118358304195389e+76
1990-12-31 00:00:00,AAPL,BOT,9024010815708261305763541975904764720141184470269863660618959630670927941861376,ARCA,43.0,4.512005407854131e+76
1991-01-31 00:00:00,AAPL,BOT,51972501375867689999990028884186069235504136439468892242110662903548599133536256,ARCA,55.5,2.5986250687933845e+77
1991-02-28 00:00:00,AAPL,BOT,36455203189851124039078567991793004584762884963872531722085494323293057991049216,ARCA,57.25,1.8227601594925562e+77
1991-04-30 00:00:00,AAPL,SLD,76798804669186106618094609366664282913508228255300287908787258969354524048752640,ARCA,55.0,3.8399402334593055e+77
1991-05-31 00:00:00,AAPL,SLD,75993182413551510624884488177660898052711943278958830443277054451241133306544128,ARCA,47.0,3.799659120677576e+77
1991-07-31 00:00:00,AAPL,BOT,2049786632838618822763379978077493950806520821609220950229782103361139312785620992,ARCA,46.25,1.0248933164193094e+79
1991-09-30 00:00:00,AAPL,BOT,62540104266727271620481145264074182227527576598209988034748327614733264695066624,ARCA,49.5,3.1270052133363635e+77
1991-10-31 00:00:00,AAPL,BOT,1491122420085162907011625288729470173671524902128983864601018336695459800233803776,ARCA,51.5,7.455612100425814e+78
1991-12-31 00:00:00,AAPL,BOT,5748642134056266785854218769326463987299569666196180982880857835127160333825736704,ARCA,56.38,2.8743210670281333e+79
1992-01-31 00:00:00,AAPL,BOT,22509705610845597507860031726055947754439354749929409871694220487713127209489137664,ARCA,64.75,1.12548528054228e+80
1992-03-31 00:00:00,AAPL,SLD,65191800930475086122141091587832252332639311922198185547024832448315077119237423104,ARCA,58.25,3.2595900465237545e+80
1992-04-30 00:00:00,AAPL,BOT,1275735261894649316927704858609766289422293471457050305903894472181925323007177261056,ARCA,60.13,6.378676309473246e+81
1992-06-30 00:00:00,AAPL,SLD,7452705412177463072013553392073639235159498871687918917037102993282744152450976972800,ARCA,48.0,3.7263527060887315e+82
1992-07-31 00:00:00,AAPL,BOT,243344726825889611628848504952145523232430609556597424565646902810048833854673109647360,ARCA,46.75,1.2167236341294481e+84
1992-08-31 00:00:00,AAPL,SLD,357529831335756636525241550204300060861171596815399975602722118937411968365898300915712,ARCA,46.0,1.787649156678783e+84
1992-09-30 00:00:00,AAPL,BOT,4698784520568721585672940313598627508587430072603358497750482234469967294965358931214336,ARCA,45.13,2.3493922602843607e+85
1992-11-30 00:00:00,AAPL,BOT,14139000113685639351209707068012667782698028371945216441841940211315379922128827446198272,ARCA,57.5,7.06950005684282e+85
1992-12-31 00:00:00,AAPL,BOT,13929976064107423364754577354293733382601547384676504824755860886707311528033555006357504,ARCA,59.75,6.964988032053712e+85
1993-03-31 00:00:00,AAPL,SLD,95409886893305439917297626804569333701089123582506917580895698854551349867122686546673664,ARCA,51.5,4.7704943446652724e+86
1993-04-30 00:00:00,AAPL,BOT,2418139518852355875569181281611223992941200524732008711785512295855640968268982963111198720,ARCA,51.25,1.209069759426178e+88
1993-06-30 00:00:00,AAPL,SLD,16182853150632229814845964997732837350306798235080891195828420171372831296136541351998128128,ARCA,39.5,8.091426575316115e+88
1993-08-31 00:00:00,AAPL,BOT,652998212837426472439966405323392049916604558241294241178238615446962609524675105430093955072,ARCA,26.5,3.2649910641871326e+90
1993-09-30 00:00:00,AAPL,SLD,2492677139201266092169157896699885379352235291804551447044384302757791143700279257592204623872,ARCA,23.37,1.2463385696006331e+91
1993-11-30 00:00:00,AAPL,BOT,62116738804960082657087935809180154710588949368123676960619514824686038393481708584057276727296,ARCA,31.5,3.105836940248004e+92
1993-12-31 00:00:00,AAPL,SLD,152256338980161787625313574873857128276478714477178600898357318262527649775573127516501481357312,ARCA,29.25,7.61281694900809e+92
1994-01-31 00:00:00,AAPL,BOT,3331850521745392736331375989672383555822209320858531741362014087240637384721768249433975412490240,ARCA,32.75,1.6659252608726963e+94
1994-02-28 00:00:00,AAPL,BOT,2951451609554481295367640235881532946692326514518960327351687395392447792989770853080432853909504,ARCA,36.5,1.4757258047772407e+94
1994-03-31 00:00:00,AAPL,SLD,10761699712566766617274090617667470372001958536761124432936270494242139820980375526146582203334656,ARCA,33.25,5.380849856283383e+94
1994-05-31 00:00:00,AAPL,BOT,183665504099455784217140192919096182436466765258815226962503945692953100049382650280790737289216000,ARCA,29.25,9.183275204972789e+95
1994-06-30 00:00:00,AAPL,SLD,563665945046438806835104099173892497789477600864405127896486291165999316431076254197405216600489984,ARCA,26.5,2.818329725232194e+96
1994-08-31 00:00:00,AAPL,BOT,12680672366160055141287240602261996578972348164136480214255302704651911729203520131879715121890590720,ARCA,36.19,6.340336183080028e+97
1994-09-30 00:00:00,AAPL,SLD,29814720714692244799922641859838977731965453799072814479823411043575930962202359346313577079318249472,ARCA,33.69,1.4907360357346122e+98
1994-10-31 00:00:00,AAPL,BOT,593624092799014635378770937887981469623594667842516469168795123199764872689366498996445480068503830528,ARCA,43.19,2.9681204639950734e+99
1994-11-30 00:00:00,AAPL,SLD,2296275476748904707177274768674902562635082753442586397729489538070181230256974091154089469104179118080,ARCA,37.25,1.1481377383744525e+100
1995-01-31 00:00:00,AAPL,BOT,62238144635406632016859404592703051078351882527789864644587288755937085458711275605609377696653219201024,ARCA,40.38,3.1119072317703315e+101
1995-02-28 00:00:00,AAPL,SLD,93137950957806887218010851904258221316248684070653610112779011038021403527688603099463185035564943409152,ARCA,39.5,4.6568975478903446e+101
1995-03-31 00:00:00,AAPL,BOT,1290695510995435523738830046985761671106494706722177266411215783188480253089041837996366749558301234561024,ARCA,35.25,6.453477554977178e+102
1995-05-31 00:00:00,AAPL,BOT,2139972094286959096356663758143337565908396767486851309100345163701016839548497669019327360282346003628032,ARCA,41.56,1.0699860471434796e+103
1995-06-30 00:00:00,AAPL,BOT,6451256837586890299431226012256608889918021712780350455231087594066326372822520833727043749860221552427008,ARCA,46.44,3.2256284187934454e+103
1995-07-31 00:00:00,AAPL,SLD,5394420229955989004374171531603009784197564346350204817103490439225521631713437423860681459843939977658368,ARCA,45.0,2.6972101149779945e+103
1995-08-31 00:00:00,AAPL,SLD,3691848761159362769188817444053896575740954164852660889513718371469739502482450510231249064608296448557056,ARCA,43.0,1.8459243805796812e+103
1995-10-31 00:00:00,AAPL,SLD,2490309824626600614085758875775355598947953300218832888510571113130390517312789633854662926142826229006336,ARCA,36.31,1.2451549123133002e+103
1995-11-30 00:00:00,AAPL,BOT,62799306556151474480478710583359109832122401774299269077287252407108504629715731532977524470905501214834688,ARCA,38.13,3.1399653278075737e+104
1996-01-31 00:00:00,AAPL,SLD,537593686437352963450036422032005764163270093576758994773331358416157554584735471134384672834366236103016448,ARCA,27.62,2.687968432186765e+105
1996-02-29 00:00:00,AAPL,BOT,17705518390616250741681086328752720459651247483097243919043252405892528112425049110413727396884380311544135680,ARCA,27.5,8.852759195308126e+106
1996-04-30 00:00:00,AAPL,SLD,63492710564126687365288339422015849063569443749379995710309797147098413603890650120433997221082423892350337024,ARCA,24.37,3.174635528206334e+107
1996-05-31 00:00:00,AAPL,BOT,1670994826496756524065539088916930746823059270272685555171047203174860383454608568174251710558115250676372078592,ARCA,26.12,8.354974132483784e+108
1996-07-31 00:00:00,AAPL,SLD,7485166161698637253639731854030499786671158844511325497495229683750998841632692082189470915312532431375739912192,ARCA,22.0,3.742583080849319e+109
1996-09-30 00:00:00,AAPL,BOT,215860727419411932630496880576531721223009811785070057174899965772484782750133530376768308084064487541569352630272,ARCA,22.19,1.0793036370970597e+111
1996-10-31 00:00:00,AAPL,SLD,103472240707424836243871022573647870740541173148889368888701574411424173800720002417836842639102234931984638935040,ARCA,23.0,5.173612035371242e+110
1996-12-31 00:00:00,AAPL,SLD,192531795717873011492621552953800493276252408663492046620810863101325505569349224840070962857833454669728812367872,ARCA,20.87,9.626589785893651e+110
1997-01-31 00:00:00,AAPL,BOT,3560759512327735225193754074383829270582325156380751974495115981277707167706883484205859475604047446555882556489728,ARCA,16.62,1.780379756163868e+112
1997-02-28 00:00:00,AAPL,SLD,6517617258090976136046531224059704262495081424543075403238667449686032343670113733661637576014031461094133011054592,ARCA,16.25,3.2588086290454883e+112
1997-03-31 00:00:00,AAPL,BOT,107085898799574307658122683071402457319743719910103735089296270887238906394310644015308811507766136104779348331986944,ARCA,18.25,5.3542949399787154e+113
1997-04-30 00:00:00,AAPL,SLD,246657360537712841611587819204965085613904070931414623762679144043922368686976569456561903145566593445111144451670016,ARCA,17.0,1.233286802688564e+114
1997-06-30 00:00:00,AAPL,BOT,5783572389895779249675442971049694362021901565462430234217123116870739821789808415334042565995668564661188512802930688,ARCA,14.25,2.8917861949478895e+115
1997-06-30 00:00:00,AMZN,SLD,195442158242742791777495141612025735741483566986189477456430201453895994770131897260271916584644116014009002005364736,ARCA,18.5,9.77210791213714e+113
1997-07-31 00:00:00,AAPL,BOT,10838641822835295312733611105331403274332378102026255790479948898960854174613539260514819218247747705684423434372644864,ARCA,17.5,5.419320911417648e+115
1997-07-31 00:00:00,AMZN,BOT,2478491787476373529625525925117033330396084552306701215851254087352872991747751828602309404396097360068879098469941248,ARCA,28.75,1.2392458937381868e+115
1997-09-30 00:00:00,AAPL,BOT,95095512907433658946858276454511697587352807464906481968976858878887459454655107516194959029515863456942900667981234176,ARCA,21.69,4.754775645371683e+116
1997-09-30 00:00:00,AMZN,BOT,10539738233238112263351904242459641265436053206487706392105740804951845703333841857555745421678124477257951428334321664,ARCA,52.13,5.269869116619056e+115
1997-10-31 00:00:00,AAPL,SLD,395992516883168958194762899031142256807366138074742768121815279262032393671125917187816010116362918811536479739707392000,ARCA,17.03,1.9799625844158448e+117
1997-10-31 00:00:00,AMZN,BOT,728763784808056155016498200394772746360714677728144420970356619636674893083528032278566571943389665837926577369860014080,ARCA,61.0,3.643818924040281e+117
1997-12-31 00:00:00,AAPL,BOT,9172159559587908979056264961131685846862438206415145990077095707668530437554888702878262775697889040323649434366276272128,ARCA,13.13,4.586079779793954e+118
1997-12-31 00:00:00,AMZN,SLD,965141969874471927449265392238988630516167958091436180508616459442547642541672947691606119243978582471626036348037627904,ARCA,60.25,4.825709849372359e+117
1998-03-31 00:00:00,AAPL,BOT,76468277982249705409190180410578579486833412317001996008555818748325717517297612697171724502757862380485080286192025468928,ARCA,27.5,3.8234138991124856e+119
1998-03-31 00:00:00,AMZN,BOT,7583745265489048930422580688938492231084326824310841915772677736255034471552126592277919576956905197095669248856529305600,ARCA,85.53,3.7918726327445245e+118
1998-04-30 00:00:00,AAPL,BOT,20462768361595909117710307704793616113598892413572928753983336543128733872331597229616984310245707368063224568320536608768,ARCA,27.37,1.0231384180797955e+119
1998-04-30 00:00:00,AMZN,SLD,687984019583829370508979905295680099739576085779385757663856043073000375789229767471899483177803394777235336922501480448,ARCA,91.75,3.439920097919147e+117
1998-06-30 00:00:00,AAPL,BOT,26329376068196559806036512187235440328869988260226553475098242608455987044716503465272436448958053118413701949525420146688,ARCA,28.69,1.316468803409828e+119
1998-06-30 00:00:00,AMZN,SLD,1580410820356122494679684208894215310314292996054708111917044377593129291374011181246045096426603215262823370821875007488,ARCA,99.75,7.902054101780613e+117
1998-07-31 00:00:00,AAPL,BOT,382485094971771072087216961391261788766056429642563271346533913775873763102213584411091949791194783224561247510127884369920,ARCA,34.63,1.9124254748588553e+120
1998-07-31 00:00:00,AMZN,BOT,15390865461595337274147286650918955195326452701338305016468175171518033062350469030199816643146955157744542075335705886720,ARCA,110.9,7.695432730797669e+118
1998-08-31 00:00:00,AAPL,SLD,1065046975355356387159543667054245704195998053775253458452129891763765674975856498928397142306886836059314363712816512237568,ARCA,31.19,5.325234876776782e+120
1998-08-31 00:00:00,AMZN,BOT,923622258504864723822344838917510024786726484764046266173397937132027064680786487204859971164972426739103043227472332062720,ARCA,83.75,4.618111292524323e+120
1998-09-30 00:00:00,AAPL,BOT,32001142555760941054396203988448116857854832476158670111977954874018063055118209486118094669070115188599243652223211969445888,ARCA,38.13,1.6000571277880472e+122
1998-09-30 00:00:00,AMZN,SLD,369292243510287253521440516075750949115269172172067742837369990634428201292209415139913233069527810343237230011795921436672,ARCA,111.6,1.8464612175514362e+120
1998-11-30 00:00:00,AAPL,SLD,107994809047200803227800413262585474179975792464505324099366064658646514516924123768234905797673607337917091628427647953928192,ARCA,31.94,5.39974045236004e+122
1998-11-30 00:00:00,AMZN,BOT,58719622408951690066790418835839762327814947082594381121649506041161372958069173636705694788056458441396029579780565548138496,ARCA,192.0,2.9359811204475846e+122
1998-12-31 00:00:00,AAPL,BOT,6030602437900780691402618683900519242234331214378941967192303412534849490562956896574816053181161359582702519334813202942787584,ARCA,40.94,3.0153012189503904e+124
1998-12-31 00:00:00,AMZN,SLD,6142802784378954296347198298591338444618872727100545180125793406135354688779803858601036477794415974370288053401238682730496,ARCA,321.3,3.0714013921894773e+121
1999-03-31 00:00:00,AAPL,SLD,28085434034379160958369556981112145838420601673277463468331427506743571579403913502505198350063375185641366354958513764376248320,ARCA,35.94,1.404271701718958e+125
1999-03-31 00:00:00,AMZN,BOT,7139759714524487966599005268835399566290177400522651941922765959580611206918245954523467506367725427904753923868365330803851264,ARCA,172.2,3.5698798572622434e+124
1999-04-30 00:00:00,AAPL,BOT,728683167701112202823617409626403511470696449101144695136416540780033490553679243273831213497224468296349671684892166190987739136,ARCA,46.0,3.643415838505561e+126
1999-04-30 00:00:00,AMZN,SLD,7786276520844314342085568018773623721668778673404783945813874858218935224389569138279638259537150505045052680301403915694374912,ARCA,172.1,3.893138260422157e+124
1999-06-30 00:00:00,AAPL,SLD,203490316604128481302198377630325523634453734996574725663527889212099995016945139156378841130235926927599958681168204316610134016,ARCA,46.31,1.0174515830206424e+126
1999-06-30 00:00:00,AMZN,BOT,8609941772646345536262570349721116859219249329490263825301394692332273604827596957281540437891047692023475603404550547234095104,ARCA,125.1,4.304970886323173e+124
1999-08-31 00:00:00,AAPL,BOT,2521674910165425558965119724940809483064009868149985480938731324904021892791386295799174688098504542194374410154254895323491074048,ARCA,65.25,1.2608374550827128e+127
1999-08-31 00:00:00,AMZN,BOT,82504361718029284591908829529828437307522577073842012620603549060233665791315969644412434024765246571819016670615773665787117568,ARCA,124.4,4.125218085901464e+125
1999-09-30 00:00:00,AAPL,SLD,1772864079446587062035285811771908131560754103399162051633634515093903517743451791886312936987790867369374690430781563739073150976,ARCA,63.31,8.864320397232935e+126
1999-09-30 00:00:00,AMZN,SLD,69634375592415980689107376955404679800730973654395449597229972919059663502397060506365711977936630422500212157589530473465380864,ARCA,79.94,3.481718779620799e+125
1999-11-30 00:00:00,AAPL,BOT,9346228384308233319434997232569262395831285291170817006126798450251682274346517360654328529016166630391646548710318413126018531328,ARCA,97.87,4.673114192154117e+127
1999-11-30 00:00:00,AMZN,BOT,499315629015052581820777815478373120710309799670295462854465907695255594367730623215646838366300933721409888483637509125698486272,ARCA,85.06,2.4965781450752626e+126
1999-12-31 00:00:00,AAPL,BOT,18290797578635107409374968770585494501815796793702602375411663422769535301333902056546011170302514718171047066882775534766517125120,ARCA,102.81,9.145398789317554e+127
1999-12-31 00:00:00,AMZN,BOT,401575442153693179710273939219290610854155493691326661786695935566550951070599870815426053677495142078984328160215064659554729984,ARCA,76.13,2.007877210768466e+126
2000-01-31 00:00:00,AAPL,BOT,5012071695035941671766602165126957383888360821271827559375259234460692014516127177907588717001406860818289492447546576901559549952,ARCA,103.75,2.506035847517971e+127
2000-01-31 00:00:00,AMZN,BOT,279079152301846378710056698727934162724034612354987043837267638824283264402841632998203283815263261710871074315130439235734077440,ARCA,64.56,1.3953957615092318e+126
2000-02-29 00:00:00,AAPL,BOT,57517860249117809900377977323361409796577674124070501350034077304858801642715869319480583938722643863947419629826347414894178992128,ARCA,114.62,2.8758930124558905e+128
2000-02-29 00:00:00,AMZN,BOT,2213266381984490809522080052564159770429194684567093552897362826146639898018842062947988382801072898090852931958748294908022358016,ARCA,68.88,1.1066331909922454e+127
2000-03-31 00:00:00,AAPL,BOT,253367518047966297710427805916080019918298013137637774174349770730616585086403948452452351233159910441491650755003080780730429603840,ARCA,135.81,1.2668375902398315e+129
2000-03-31 00:00:00,AMZN,BOT,11856629552024339433770747810089092033670752500195124639987018653359577497730002512919625574085362122455546594085486174435025092608,ARCA,67.0,5.9283147760121695e+127
2000-05-31 00:00:00,AAPL,SLD,3785037540492122412764590590558393820777270396945482754792162453222158278728582734344518372059090201139323903094552426719092420902912,ARCA,84.0,1.8925187702460613e+130
2000-05-31 00:00:00,AMZN,BOT,4489151891731208768523061300627205841707643064707963327780964759575699608955863725613623997804182874554885271100797031893357427687424,ARCA,49.94,2.2445759458656046e+130
2000-06-30 00:00:00,AAPL,BOT,73713444912917782823241628601577561847950992201671108666390543244668420366450086716355444988830288754397320603944230053238753307131904,ARCA,52.38,3.685672245645889e+131
2000-06-30 00:00:00,AMZN,SLD,7313610235962927549820499084064079625652975581208714196867162324608589682568425269848163221842425326345857758033754121758679280648192,ARCA,36.31,3.656805117981464e+130
2000-07-31 00:00:00,AAPL,SLD,59431025845118697120721212355864484384870842836059481185359808396365007568723955054616098178964454879361333015136717561957667546595328,ARCA,50.81,2.971551292255935e+131
2000-07-31 00:00:00,AMZN,BOT,3596954693767652345438830355010155375728966622652304442581732828800338290144204192647537230937996783319430998506715968303840194723840,ARCA,30.13,1.7984773468838261e+130
2000-08-31 00:00:00,AAPL,SLD,9321345723064740377123923781929583371885378108951044400077284857226406224025904147397146036338849118556358370052473237534988944015360,ARCA,60.94,4.66067286153237e+130
2000-08-31 00:00:00,AMZN,SLD,703136801118467166381943195952733218099479582716399806447596058585556008858805427746646526127250017590410675684016846038266468630528,ARCA,41.5,3.515684005592336e+129
2000-10-31 00:00:00,AAPL,SLD,29412089621888423740100439685157539511545487513636962850695549741107916392213964956017921108694717491255038539247438688441637764333568,ARCA,19.56,1.4706044810944213e+131
2000-10-31 00:00:00,AMZN,BOT,11192519847896339715657722105734869043138498827601326974717050506315981464872710648673748539956182971146582785316906777806526325194752,ARCA,36.63,5.59625992394817e+130
2000-11-30 00:00:00,AAPL,BOT,502245719675852307048600715101961041103063730177950567156621136622674125716600412815346116719881717122181569295197276672861687460659200,ARCA,16.5,2.5112285983792615e+132
2000-11-30 00:00:00,AMZN,SLD,65223151664308782202275910904216276863245740944282353299889042391270558154388966151119252057723027357799461231528602044547896424005632,ARCA,24.69,3.2611575832154396e+131
2001-01-31 00:00:00,AAPL,BOT,242063436890498247995300046019411059204493219833901290667141000300754164505861960462904488647908933189469348368651075553616150975741952,ARCA,21.62,1.2103171844524913e+132
2001-01-31 00:00:00,AMZN,BOT,90561440538354110608994135419391913637885660048507286990943781715851991876103644406396156326663088230029815712290061186086533184094208,ARCA,17.31,4.528072026917706e+131
2001-02-28 00:00:00,AAPL,SLD,2191726558501800116304184575563152637347100416109081518721409235642813377079921787737958273994997863053446848948452693717086058659708928,ARCA,18.25,1.0958632792509001e+133
2001-02-28 00:00:00,AMZN,BOT,1960607223683303830062880761100655269338315260438464098813794660360246013374072380140079006995695847915939896553100792259882782986076160,ARCA,10.19,9.803036118416519e+132
2001-04-30 00:00:00,AAPL,BOT,27705761123734802802999556585699799670830669305687147535231210959356877368965889120614418365851704014369253998824596570744255267991453696,ARCA,25.49,1.3852880561867403e+134
2001-04-30 00:00:00,AMZN,SLD,1827025887801833986006282131731264779496004121810088349763638469145362900817498711067442821159320406775657756948758469468898087747452928,ARCA,15.78,9.13512943900917e+132
2001-05-31 00:00:00,AAPL,SLD,81236930335397201533923817099378433012917097932456281438845471246785672994409516352316290340272941057176712881161937317503872984156209152,ARCA,19.95,4.06184651676986e+134
2001-05-31 00:00:00,AMZN,BOT,49590466089966935512283405912475138769095803680304129547448412816625075783652251985446855709307514195577822939818349522593312233723265024,ARCA,16.69,2.479523304498347e+134
2001-07-31 00:00:00,AAPL,BOT,950642369006872347946404931260734706033606660553865410923392321769884455353757048228745869541545071606253611356254066906682605805607321600,ARCA,18.79,4.753211845034362e+135
2001-07-31 00:00:00,AMZN,SLD,75453897014406880391563610046392323803886790826130626562487605709752776531931233468953525399924997814065611090802362696651771695616491520,ARCA,12.49,3.772694850720344e+134
2001-08-31 00:00:00,AAPL,SLD,1039514425684337872996021314393005900797103485434161316282018833970356093922171120988055405261608870308494009904337912759771702978397863936,ARCA,18.55,5.19757212842169e+135
2001-08-31 00:00:00,AMZN,BOT,251704970141189209098774978430960610291612208981683342727597962556701714922832080380919427530128198463413645630876709191104555487424675840,ARCA,8.94,1.258524850705946e+135
2001-10-31 00:00:00,AAPL,BOT,2203375573880912354562651826362801099574780541428029797991820437946341368524250934625578559367645423662863017977213035415515765964948897792,ARCA,17.56,1.1016877869404563e+136
2001-10-31 00:00:00,AMZN,SLD,350030203475749092872230006292775745388483493435997189119187440530508103753603783472745062867837323180939747639990249348012825117896736768,ARCA,6.98,1.7501510173787456e+135
2001-11-30 00:00:00,AAPL,BOT,1959449552162385889514972218390038664393189963385752036425575744552794696334295918266794850557382292314575223630220083402869540519843725312,ARCA,21.3,9.797247760811929e+135
2001-11-30 00:00:00,AMZN,BOT,498620935312525090509563877245712709408450730552694006407051250900341018497498286851199266061593725735329231518943275794001045641714728960,ARCA,11.32,2.4931046765626256e+135
2001-12-31 00:00:00,AAPL,BOT,255527259336937124390749210752620315618406749994818545017189444347985725355811705778216170655437161638080643445549491447261458867597344768,ARCA,21.9,1.2776362966846857e+135
2001-12-31 00:00:00,AMZN,BOT,789221791626884323465305602464424345396146123524281508712454327603489461452092558861253923270254899388426885539510677745408059627274240,ARCA,10.82,3.9461089581344215e+132
2002-01-31 00:00:00,AAPL,BOT,4542342723314353262290859568199024004336886058451250267759396832123639710561113912077160234586424450201070417639941086534956143462936739840,ARCA,24.72,2.2711713616571763e+136
2002-01-31 00:00:00,AMZN,BOT,362894630565488682460018648099619217948253570705963595045503871912440122196261877596970932929919726768863236828657875977327989320818098176,ARCA,14.19,1.8144731528274434e+135
2002-02-28 00:00:00,AAPL,SLD,8979172465356049398183136866965496631444963888310919157307063481802534117887716188250060688485618673531872830138671211295161185080577097728,ARCA,21.7,4.4895862326780256e+136
2002-02-28 00:00:00,AMZN,SLD,553973959069439164742566658168671444337652281091389810273071317981239513062328099309162600732278544037324771544254769904665224934460489728,ARCA,14.1,2.7698697953471958e+135
2002-04-30 00:00:00,AAPL,BOT,1414630561882192954066736110599322566575541107669768134266305186496760565481652644155251481979795046971972368118067618429479109567514148864,ARCA,24.27,7.073152809410965e+135
2002-04-30 00:00:00,AMZN,SLD,218693426186481304777790285534054974603716492540134572137383470631250842323113862802994769472224822541550630194584179021818067317180858368,ARCA,16.69,1.0934671309324066e+135
2002-05-31 00:00:00,AAPL,SLD,2276296148611677033687778154755016262024095514242422370476455054961221754306568920211490611322340374201346351291361165843968849281414070272,ARCA,23.3,1.1381480743058386e+136
2002-05-31 00:00:00,AMZN,BOT,1024905526896355392249247411389208224518368152534283416709432491986086125779310851877997571851774779322442783031229398136592943119220080640,ARCA,18.23,5.1245276344817764e+135
2002-07-31 00:00:00,AAPL,BOT,20753090988349687486885406725055070512318174683935026905609802742424890818912014608032692466192141467328691991378044257372638269499020148736,ARCA,15.26,1.0376545494174844e+137
2002-07-31 00:00:00,AMZN,SLD,2494665185277296345039317325303254311003920055477987835627223392078572401699274609957889225250646341511476169905285542342084125319957053440,ARCA,14.46,1.247332592638648e+136
2002-09-30 00:00:00,AAPL,SLD,35748329107954743672973890155769647698029369238171771059792461393011484536270034481426172944346169192519386655624019166662347610775414112256,ARCA,14.5,1.7874164553977374e+137
2002-09-30 00:00:00,AMZN,BOT,12493681832454343973234322204464065664139316878630767157643789659781878377939961314599701167557465249168059506375150836383373584677315018752,ARCA,15.93,6.246840916227173e+136
2002-10-31 00:00:00,AAPL,BOT,272205701747073551861203289000108687828218729544533340798278470052216120758438914015293081311562589309666142032471830017286835336042204102656,ARCA,16.07,1.361028508735368e+138
2002-10-31 00:00:00,AMZN,SLD,13748583442441129524336275312083442052237083792958590331033130220099952882757925719255022488531753402437272372764214157976474437044012056576,ARCA,19.35,6.874291721220565e+136
2002-12-31 00:00:00,AAPL,SLD,606503997338126885414849478232295417301468217343002369771448728584067595719334702808691433987409782005491387304802660833945003953903091318784,ARCA,14.33,3.032519986690634e+138
2002-12-31 00:00:00,AMZN,BOT,203900847984179025366819285010955262783382878989645525324979694929443393091365315953010985626509611139826570652435834068486899689396853800960,ARCA,18.89,1.0195042399208951e+138
2003-01-31 00:00:00,AAPL,BOT,6797750242589482204769059545323129071509283999783019729761268674940196935266296701715728504131084968637283608622167404203771041917997806518272,ARCA,14.36,3.398875121294741e+139
2003-01-31 00:00:00,AMZN,SLD,224464056993317185654978842069477902151278908658879286613999070686832761994717809432989761435087974536459158935262913053112195824340739031040,ARCA,21.85,1.122320284966586e+138
2003-02-28 00:00:00,AAPL,SLD,4478176747276432855958629050608103059417297828334453175125335448761498190681020792606295461192010680821396800760557945286183884008321672282112,ARCA,15.01,2.2390883736382166e+139
2003-02-28 00:00:00,AMZN,BOT,80938520871367510366878285624751598173867176028999941066780893940474641417474149786809789473306069551806519999127490425028817400618341629952,ARCA,22.01,4.046926043568376e+137
2003-03-31 00:00:00,AAPL,SLD,1489316283197345914521026185922347024871702182700238136129572396839838019754493620613502363690628429041936085534658369555880198080808213282816,ARCA,14.14,7.44658141598673e+138
2003-03-31 00:00:00,AMZN,SLD,47563204783517874985567690726205461256873583854903938730975707372488596325904449913601729705180295797005423520681118553270796857180273246208,ARCA,26.03,2.378160239175894e+137
2003-04-30 00:00:00,AAPL,SLD,152325138711458944548841185472575005507741307596546916481728242452908784190282962452439845261463881736201336263480883811543814919443712049152,ARCA,14.22,7.616256935572947e+137
2003-04-30 00:00:00,AMZN,SLD,3087989490880006134084378360359269403743746705783817818334283580866609161126320514466451245003001689056485427300446682442993784396909117440,ARCA,28.69,1.543994745440003e+136
2003-06-30 00:00:00,AAPL,BOT,705585052415968000091178841853576745807971918386843874327017762543192117113239397502124510823515252093414843530744562559331570952960336723968,ARCA,19.06,3.52792526207984e+138
2003-06-30 00:00:00,AMZN,BOT,47470379572549400063490919182702997344245399492035257455894169511930409212842932174312371835814076739845571262794602905336433339130271760384,ARCA,36.32,2.37351897862747e+137
2003-07-31 00:00:00,AAPL,BOT,2172306978302135163534268386597622987059381217742176784305684584665659233685227644627293815176169031917311284641167875261482469420546452881408,ARCA,21.08,1.0861534891510675e+139
2003-07-31 00:00:00,AMZN,BOT,103902968753723667243452703764889167361870892601710910192548270906593994241505025121439983279581190355374025974578272195651141018226222170112,ARCA,41.64,5.195148437686183e+137
2003-09-30 00:00:00,AAPL,BOT,4240793533754854360637766492727670840622214441120606195654401299752192647207708127811266702724137020302907347625683533587011429702539749097472,ARCA,20.72,2.120396766877427e+139
2003-09-30 00:00:00,AMZN,BOT,52182861499904144281647876408185768088264397230705707297773523896427754014962136789369922339782558591142029557319252181204731952524397903872,ARCA,48.43,2.6091430749952072e+137
2003-10-31 00:00:00,AAPL,BOT,10070066503272429373780372733616978678099910572778736082221674847918465177366348582766540597956802771058124271762031180206416944784816971186176,ARCA,22.89,5.035033251636214e+139
2003-10-31 00:00:00,AMZN,BOT,214526506344318589825459477636664936086146344042511084792516988991550625796773341590856843660264016828864653722213875895414457340371889291264,ARCA,54.43,1.072632531721593e+138
2003-12-31 00:00:00,AAPL,SLD,4241430973496023062706177883172882592546960655162513586914247647510991124574518867678960195662251618211673599770781457571780289728700112437248,ARCA,21.37,2.1207154867480116e+139
2003-12-31 00:00:00,AMZN,SLD,193790590987011624291308137287752298046810163759936438366178148812624249734376949855663077773783984774917649135914556396317062973109491990528,ARCA,52.62,9.689529549350582e+137
2004-03-31 00:00:00,AAPL,BOT,19485092362388476193248700555436105991852926824416816100359915656025886456249743056295789781605192003597060278688941734447490213357781010874368,ARCA,27.04,9.74254618119424e+139
2004-03-31 00:00:00,AMZN,BOT,974333224675566555900556896971370519686194115740754454701491476588618738795355054054769238911222878469942276685350469763541956160627490684928,ARCA,43.28,4.871666123377833e+138
2004-04-30 00:00:00,AAPL,BOT,735385960055925075339779901486544313455159363571105183594947278674438730555989004711183709054340697626625044335133266420288520645568679116800,ARCA,25.78,3.6769298002796254e+138
2004-04-30 00:00:00,AMZN,SLD,379447323125839192489037739712094506182007102264252033910715042815448750598890899925026200431005750987196233328140205150272780463696919920640,ARCA,43.6,1.897236615629196e+138
2004-06-30 00:00:00,AAPL,BOT,57370297293316844758795103871171701714419792264351377453622518361498796032431012250903425145684493361311194450389989131061029426659384321114112,ARCA,32.54,2.8685148646658423e+140
2004-06-30 00:00:00,AMZN,BOT,1947223367737048210022849647261536869307243312062771721852085955064304127869735094140735368680770131013899126133496251945386201073623586832384,ARCA,54.4,9.736116838685241e+138
2004-08-31 00:00:00,AAPL,BOT,46282120385106208895277218170664319985911135604941165838788716636684078111597404545048238398275331743045738304758744072863666401843617032306688,ARCA,34.49,2.3141060192553104e+140
2004-08-31 00:00:00,AMZN,BOT,2785167076015234052500037519278379634238127887283725249847776000735417367893350360268849684515870738260003916812063010600927070493481635938304,ARCA,38.14,1.3925835380076172e+139
2004-09-30 00:00:00,AAPL,BOT,133872180625998393085407764917678434390179189456402613037533973689197068694728987957982586717567247613055640254869000919681731177855899632926720,ARCA,38.75,6.6936090312999195e+140
2004-09-30 00:00:00,AMZN,BOT,5923448864152776341466026886942824653153329612475076010058901050174795716023225571643667631691179272849285969281496120455002189256989977083904,ARCA,40.86,2.961724432076388e+139
2004-11-30 00:00:00,AAPL,BOT,951244536408098856912224917049195334615475458707199007153977607023994418286331027680670703302670139431408937861563017107190934160744157296984064,ARCA,67.05,4.756222682040494e+141
2004-11-30 00:00:00,AMZN,BOT,80278075360439117951749187676971096038372075069699570245386322823700344042535788521743292133590678124851889321741904286380059474076083213565952,ARCA,39.68,4.013903768021956e+140
2004-12-31 00:00:00,AAPL,SLD,304393802797384741056940855435449840368606275345587963144400180682824300289862996824837626815629196028546841848653625295483704268688637713973248,ARCA,64.4,1.5219690139869237e+141
2004-12-31 00:00:00,AMZN,SLD,35000634118657230442031596719167983195491084207015756887048592167985324495263324666577168070527513327938624183146995740626307338022130720702464,ARCA,44.29,1.7500317059328615e+140
2005-01-31 00:00:00,AAPL,BOT,1152186478770047243305960937629738632545753492708540293782809439029948251033528781269398566125377233745311217657307657833617404613310237001121792,ARCA,76.9,5.760932393850237e+141
2005-01-31 00:00:00,AMZN,BOT,126532465692019279402835490294207242921083231012677797003322202817941225405275542419304746936825007358515297755532252927094030274664057377128448,ARCA,43.22,6.326623284600964e+140
2005-02-28 00:00:00,AAPL,SLD,7047162897663481414133227981479617992851674840825718621055895454000727259765942515448596495463353602626906697933639622250406982167262425407029248,ARCA,44.86,3.5235814488317406e+142
2005-02-28 00:00:00,AMZN,BOT,4347878558468371880798523398691054362542050803798055901466364709472814547643520831838319545608650794279702651296163209178299565729710727835418624,ARCA,35.18,2.173939279234186e+142
2005-03-31 00:00:00,AAPL,BOT,47213640373060346947731055620983244300358999150748593498067111082020509519098709904697165474805802727011674323388721452684459719334303334989299712,ARCA,41.67,2.3606820186530173e+143
2005-03-31 00:00:00,AMZN,SLD,7106286072015867635677022706111280588445564690564135633613581090576147836543247207110128965060590946640107738126449552640482765394340715585077248,ARCA,34.27,3.553143036007934e+142
2005-05-31 00:00:00,AAPL,SLD,51219325030915450029454801601732064219389654403398893855641112961532318540061286596942504201372960712085267798228699981653539466444439024373334016,ARCA,39.7593,2.5609662515457726e+143
2005-05-31 00:00:00,AMZN,BOT,9753552215682147878913254986062794682533533207783939409796974783569461465410647700360165094857130178952195509920867665744371044974712609660993536,ARCA,35.51,4.8767761078410746e+142
2005-06-30 00:00:00,AAPL,BOT,61067067693754764025247295025944857559228308772969842608246983729671596510983474967283485716712683001935777425341867747721172174261693931409375232,ARCA,36.81,3.0533533846877383e+143
2005-06-30 00:00:00,AMZN,SLD,12607196860255932717906917706464582030795599807103437902487534564385143073974972589791255190728431214040780043732978674994347488622336903043088384,ARCA,33.09,6.303598430127967e+142
2005-08-31 00:00:00,AAPL,SLD,2755479951833999748196333473263261541185730216914475758523095660417103398881327493311694218486148594967250758232334116815616889572813482546429952,ARCA,46.89,1.377739975917e+142
2005-08-31 00:00:00,AMZN,BOT,10098783402121776075896929073582965715312573822290222185092145899759927430742849846433508482323906599506841681516808896386820113030445319172653056,ARCA,42.7,5.049391701060888e+142
2005-09-30 00:00:00,AAPL,SLD,16718258489233146386375170726705307329501671760985767387498032907317051010113510480821831683115984299534753539097687665173907172288569951616237568,ARCA,53.61,8.359129244616572e+142
2005-09-30 00:00:00,AMZN,SLD,1328686832503624156750135167074395097511403837317316777840315661408562532563647636545884537872718495765296714053321450995073500411281789438394368,ARCA,45.3,6.643434162518121e+141
2005-10-31 00:00:00,AAPL,BOT,5251773384281349098626719157660648373479432152667214891470149553501617756260716426081745020650353477456321313276492080025038947894155585578336256,ARCA,57.59,2.625886692140675e+142
2005-10-31 00:00:00,AMZN,BOT,2034046463241053568455951836530280487772355287881017691319760197945765819541549854732874621136341758121284933330536535493289425402845447730495488,ARCA,39.86,1.0170232316205268e+142
2005-11-30 00:00:00,AAPL,BOT,28630733376203080397207454604208160993591302448309906394116897587814397128084872732318447819738897593173227877127747457320340265937955616439926784,ARCA,67.82,1.431536668810154e+143
2005-11-30 00:00:00,AMZN,BOT,6126308758344807851361199217288182976429936578016406072548530746237405833875408974553466346276716025202734773035678226475067685029502911143477248,ARCA,48.46,3.063154379172404e+142
2006-01-31 00:00:00,AAPL,BOT,48361671197541554679286981441309497815852286924622792915880215245354169243225228201408969441003709998864757039434133804496463194819727380826816512,ARCA,75.51,2.4180835598770777e+143
2006-01-31 00:00:00,AMZN,BOT,10308501253906197031844333308664860110786880217759959036863039694691497633975097167846187593946132388551712072386918480557615836380725863019184128,ARCA,44.82,5.154250626953098e+142
2006-02-28 00:00:00,AAPL,SLD,13793198817914168571028875143407160323853616522057205683237279576180267082501289983978966872863408367706208488729911712019504062781719039906414592,ARCA,68.49,6.896599408957084e+142
2006-02-28 00:00:00,AMZN,SLD,6035916527378831469329315329385553666797441164139762618892500006890355205400611664367392961107121115181415687009970850998559467330377096640856064,ARCA,37.44,3.0179582636894156e+142
2006-03-31 00:00:00,AAPL,SLD,37949098739170813967572287890176553994484244280300661384084747836486809254271953328702455475182961096563376979881804016918637710705307202634121216,ARCA,62.72,1.8974549369585405e+143
2006-03-31 00:00:00,AMZN,SLD,6482541860419120919751300498453149386225525411622922276061240999985089228094057267246043726544016978851754985781093672308483685945744944307109888,ARCA,36.53,3.2412709302095606e+142
2006-05-31 00:00:00,AAPL,SLD,13931853193772856893574248508254189797982442697026673727735004056836096024035929371343854753480900173595698667022899489467467674200565272838930432,ARCA,59.77,6.965926596886428e+142
2006-05-31 00:00:00,AMZN,SLD,1991857318792097884315776111939305794674975613677418322050203373347303892046236057032807939853435884628082649654423987831865672998715512191975424,ARCA,34.61,9.959286593960489e+141
2006-06-30 00:00:00,AAPL,SLD,5434132925635859828280992436862804549834799142758913693567819901393933928575440517215119830409149065979580820241992343644514314278382694043746304,ARCA,57.27,2.71706646281793e+142
2006-06-30 00:00:00,AMZN,SLD,1716102040916932107633206685327073692210978060327961720689601495850808358925503585108316096792661697178488554989531803332941952656497746735267840,ARCA,38.68,8.580510204584661e+141
2006-07-31 00:00:00,AAPL,BOT,20326976762788041085184081022487512237982869357244363801979885341503751048729590807249550926850958378504346671406800782726490846764177939134152704,ARCA,67.96,1.0163488381394022e+143
2006-07-31 00:00:00,AMZN,BOT,11433359487445228592847145642925269814685022209417136957279254764263290890150155396324306295218033792940896589572732853243079376991525956231364608,ARCA,26.89,5.716679743722615e+142
2006-08-31 00:00:00,AAPL,BOT,18200316118921023642639314144524051649687040567051605727509721057382589526866956411658044422464128982701366534565284908686457823995588095718195200,ARCA,67.85,9.100158059460511e+142
2006-08-31 00:00:00,AMZN,BOT,609799705910651753431839197600921989420344486880023624680923556572114877143586943038357374352021674455212438889961724868672154475667536325115904,ARCA,30.83,3.048998529553259e+141
2006-10-31 00:00:00,AAPL,BOT,65495114877919756193398520692778166959640526911024839404544820807826282160239023525497762405852568132435036551727735292349666230083617866052009984,ARCA,81.08,3.2747557438959878e+143
2006-10-31 00:00:00,AMZN,BOT,18182604790888862862011745123450913292609441538811727807799171414368750345377378627654474581111673182496381194672106318907505094530159511355785216,ARCA,38.09,9.091302395444433e+142
2006-11-30 00:00:00,AAPL,BOT,109081015637737090863654223829926037882490508844018714974520290251570326641143941502265526961316517267439669058041076661248213746964112388556587008,ARCA,91.66,5.454050781886855e+143
2006-11-30 00:00:00,AMZN,BOT,26364361932888949773298328877958747069169042738522194717914956458512562604048578826210284687272060957339718086779417760847990883277652773717409792,ARCA,40.34,1.3182180966444475e+143
2007-01-31 00:00:00,AAPL,SLD,10424849105060628415526757902424136456673082334614264652598994179694202137468615186825791256288218909005008703746879858153547921641719325339418624,ARCA,85.73,5.212424552530314e+142
2007-01-31 00:00:00,AMZN,SLD,13531161374130052266438909369116394938061222529926714415361947676849131826169108740963452912128858477620035286298233787476171767980914201684082688,ARCA,37.67,6.765580687065026e+142
2007-02-28 00:00:00,AAPL,SLD,10095793481334533391410180357830725673584733136462629375668225816299322470017456473879158550410662550728793466114470958294389136930188946795659264,ARCA,84.61,5.047896740667267e+142
2007-02-28 00:00:00,AMZN,SLD,4532157401568911460369288588097618966939377157411134944056144865245548086182486689190551552797946697671977765931849585379222107649567049436364800,ARCA,39.14,2.2660787007844557e+142
2007-04-30 00:00:00,AAPL,BOT,178983711658865079853632927329746852171226100801954240888318094344000691847393913233807826627649994534070350608169128583789068876932480283168473088,ARCA,99.8,8.949185582943254e+143
2007-04-30 00:00:00,AMZN,BOT,23940886587294121184389117955348574883734543686450582379452900479618287368596453451144999119136778932261466191005853803374055258508146515577405440,ARCA,61.33,1.1970443293647062e+143
2007-05-31 00:00:00,AAPL,BOT,348049333830508289775676389918161586105768734858731171821889685151884497775610396628291542756030980396673500066443690342863740556627996626410012672,ARCA,121.191,1.7402466691525414e+144
2007-05-31 00:00:00,AMZN,BOT,62320336826738021750828826259045994554112926573243346316327901093909591291663512133391163316199854069193325294585592678830876373234300408339365888,ARCA,69.14,3.116016841336901e+143
2007-07-31 00:00:00,AAPL,BOT,379117942777913497688291732965971531600626621842821834004013804871184824818102004200257456473672620985116635867178119174971298762674232261840207872,ARCA,131.76,1.8955897138895674e+144
2007-07-31 00:00:00,AMZN,BOT,41001513429240744859549991382767074659208711312557156620283219971057810116521059093245446964796675112995921642035104293887151146991951481237667840,ARCA,78.54,2.050075671462037e+143
2007-08-31 00:00:00,AAPL,BOT,245893790043016740119542036471991471993193948390147355149806841159256717921245126265338030480781535169768814411966485951080783130788127553966047232,ARCA,138.48,1.2294689502150838e+144
2007-08-31 00:00:00,AMZN,BOT,41105957349369761083272055271185957258094245234716705656802379000469914832459596051514923270804166334108717648601964908264873550274789509127208960,ARCA,79.91,2.055297867468488e+143
2007-10-31 00:00:00,AAPL,BOT,1443386195255871887495130003847164722415871537591919757449547560765158187391381089414954751360067478267316612702202926851325867246005843904587366400,ARCA,189.95,7.21693097627936e+144
2007-10-31 00:00:00,AMZN,BOT,336449706757952699261019715210219704811007689457791957453550353853422911345059889671556974616811002798745938246437521585989098719991902743665049600,ARCA,89.15,1.6822485337897635e+144
2007-11-30 00:00:00,AAPL,SLD,268135552586085287046597840123563893210752629145583445622092177459231529461330377777564912159431279297130442220561596931550213723223191984476782592,ARCA,182.22,1.3406777629304267e+144
2007-11-30 00:00:00,AMZN,SLD,101826475157218840014174029108696981228311945784077263913604568760506509964428507662898422588457843800997006863992977974747137543354840156701982720,ARCA,90.56,5.091323757860942e+143
2007-12-31 00:00:00,AAPL,BOT,308830524818750577732367845956749246536849869864455331707415752839537113935595530361956230277712545400515694984222939144349189206850055246589198336,ARCA,198.08,1.544152624093753e+144
2007-12-31 00:00:00,AMZN,BOT,86452728577196679476795591242174146809807690339257608473288177248759936720094132528127433084753923291821042933985060821663685093573822845659643904,ARCA,92.64,4.322636428859834e+143
2008-01-31 00:00:00,AAPL,SLD,5153720763719325603795610173102431083069436526956964048317699088221254632268388668844609342548614695487768836058538781526084700374821386957256392704,ARCA,135.36,2.5768603818596627e+145
2008-01-31 00:00:00,AMZN,BOT,2313279838607070224074599991266215427758415994142221443766876081333333889755590377267020355063197693728945844056492018910564997999892735383159439360,ARCA,77.7,1.1566399193035353e+145
2008-02-29 00:00:00,AAPL,BOT,20930609749486740801917590696792775673589948672348130571827462735343486838723142610287176056409075316088235557122094123075864299566828901478638288896,ARCA,125.02,1.0465304874743372e+146
2008-02-29 00:00:00,AMZN,SLD,4183858167261399121115524990998761323807610240723937735240206363082637142428676421174427711326368952141907850542370986610820281230889268027521499136,ARCA,64.47,2.0919290836306995e+145
2008-03-31 00:00:00,AAPL,SLD,7998470278100770150279163080228154685292362295483976272129312772909517344186060890975904899809171209693718141787612811301733970678599137911692591104,ARCA,143.5,3.999235139050385e+145
2008-03-31 00:00:00,AMZN,BOT,3192708907466501728025805893110768303426321973865910626659794460730036224374172881411986154955362453390408267859385512782718691291024760385822523392,ARCA,71.3,1.5963544537332509e+145
2008-04-30 00:00:00,AAPL,BOT,2229410946821600044291169727785446565392633226105069616801044006096238654677024753423867737078562517697702670004278694369638216458408814346967711744,ARCA,173.95,1.1147054734108001e+145
2008-04-30 00:00:00,AMZN,BOT,838397880327448549328128441401669833947326541429870255009722845750364479145410272472358029174085266921368149171530929325924220697126929649723506688,ARCA,78.63,4.1919894016372426e+144
2008-06-30 00:00:00,AAPL,SLD,801456195809096885710014502638142691358263041860015449983018601774140818202287807321544788173047850642091740532467930448017190329964034660272963584,ARCA,167.44,4.007280979045484e+144
2008-06-30 00:00:00,AMZN,SLD,340602143901939467616666300367743920656286378072013153592554419554887485823975067004838301582406382377841595573162462389939246889006287480822956032,ARCA,73.33,1.7030107195096974e+144
2008-07-31 00:00:00,AAPL,SLD,2250051723950381411863922754878900620320963048189617008134090943210571640049752134540797987742636599689975627059364410434289649619835406608196698112,ARCA,158.95,1.1250258619751907e+145
2008-07-31 00:00:00,AMZN,SLD,616158542504251554526711526446292927712074564893186607490944518395097456763068063616039403900896999674517598129264408236552522340487217442371665920,ARCA,76.34,3.0807927125212577e+144
2008-09-30 00:00:00,AAPL,SLD,15765038628889071909634981640529023147388279439361539586096599071709930739301108863451444935048574540276288016081395107277329728384417993785549520896,ARCA,113.66,7.882519314444536e+145
2008-09-30 00:00:00,AMZN,BOT,4972730879517033540540110100598767966750515502671968062999351453178918217463707478949382257688787884671023341059902262630491234781143593180345663488,ARCA,72.76,2.486365439758517e+145
2008-10-31 00:00:00,AAPL,BOT,52484005181356612570033313063498925163408667821962781824245563170348464111869401883217671571578085988918112649353002050101961615818251236362124525568,ARCA,107.59,2.6242002590678307e+146
2008-10-31 00:00:00,AMZN,SLD,11865909656255682171068869250771540583639296410997495232029813832534437957365212583345278975022483896591036683977893881705270228990210769856847937536,ARCA,57.24,5.932954828127841e+145
2008-12-31 00:00:00,AAPL,SLD,108581932588495640410824617645969192971205686347655314759302364292455310326700764189401257223661922616326985197240827599317106656049547076135639056384,ARCA,85.35,5.4290966294247825e+146
2008-12-31 00:00:00,AMZN,BOT,78892570674184836107309729852042654980685775768621323806402510461885377131287113090538139636316131363927088188804107038381985265844584688086121709568,ARCA,51.28,3.944628533709242e+146
2009-03-31 00:00:00,AAPL,BOT,576937548102712283930200310803544194959636935822794200963995707592462074455601798808374772507040057177442671013140482530335210847576613292663673716736,ARCA,105.12,2.8846877405135613e+147
2009-03-31 00:00:00,AMZN,SLD,87953885471716603557785449293320250332130097889041584867346039326698070372441948164755509688589960599876994123662841340851984955383855035638289006592,ARCA,73.44,4.39769427358583e+146
2009-04-30 00:00:00,AAPL,SLD,174275534859627792481032895411684097699326341880514990977598303559909632891614142261225929047646200437424036789289368729658199550375976584530368659456,ARCA,125.83,8.71377674298139e+146
2009-04-30 00:00:00,AMZN,BOT,60064994356293092816373981302498285528382263313502126014386274800810733927483266919277402438970153041932353308062502698480745075769925983897709969408,ARCA,80.52,3.003249717814655e+146
2009-06-30 00:00:00,AAPL,BOT,74241600519685704463629444270057087219704127794688638524490006903771124444675590033485626470360460090880422770707879828307166210990845786814567940096,ARCA,142.43,3.7120800259842853e+146
2009-06-30 00:00:00,AMZN,BOT,20570485135974517108826429200231083134267151230897437491276517708638913256075524248696444336797840467862937493619042157766036592208826375686968049664,ARCA,83.66,1.0285242567987259e+146
2009-07-31 00:00:00,AAPL,BOT,232616705805136898704487734760607234766342763431555672151043380406493370840011504629503125805722507533483186349317915760996590783713109015835688566784,ARCA,163.39,1.1630835290256845e+147
2009-07-31 00:00:00,AMZN,BOT,58512891284843667991551347178203547644983059435574420592507358743431169119467252470317182300135991216224161108492159235321737222230063576538551418880,ARCA,85.76,2.9256445642421836e+146
2009-08-31 00:00:00,AAPL,BOT,168664391189111305981528182442726526798353574280702944792953016460689103797366784042714245583301992417069928389267010604125152997823499825603468591104,ARCA,168.21,8.433219559455565e+146
2009-08-31 00:00:00,AMZN,BOT,30064734976913625390929943959225307041034745436842260508965930220576027807066373776739484306618773423866013193919397355596964909650913298726552338432,ARCA,81.19,1.5032367488456814e+146
2009-09-30 00:00:00,AAPL,BOT,364812942247734765236575160864464517477614728461552407604974662848806035736614673398449998713359290748604550992099159645147677873267528119482310459392,ARCA,185.35,1.824064711238674e+147
2009-09-30 00:00:00,AMZN,BOT,66127336100494256479871788854012397341537721113144895685319869934261044335878156751538622734634114170806886545000622802067055401877887991923150422016,ARCA,93.36,3.3063668050247128e+146
2009-11-30 00:00:00,AAPL,BOT,616510491211970762463111012578667433754382765517041157791381849907925704572210163976918878077430836607761648049659687252211323928956231445761107165184,ARCA,199.91,3.0825524560598537e+147
2009-11-30 00:00:00,AMZN,BOT,24392911531847115031755800424095263450580608774170871900365635663190043857503183289142790629586287858303881651319231855280461220761506465350997245952,ARCA,135.91,1.2196455765923557e+146
2009-12-31 00:00:00,AAPL,BOT,475747116968175113177607023373276087258281381439824020651550112208412589923631218979869214014607514357318673630771983716805152266675133341443825860608,ARCA,210.732,2.3787355848408755e+147
2009-12-31 00:00:00,AMZN,BOT,68131481724820327549718344289479643249339212576334204298239985510315133934340966733808113754639484686745464146168819918127326612582046904305405919232,ARCA,134.52,3.4065740862410163e+146
2010-03-31 00:00:00,AAPL,BOT,918567155802075991508293279006901947060091531877080271737570816774289999242249740391969003870880127159892752635381038010985787763179320197381045092352,ARCA,235.0,4.59283577901038e+147
2010-03-31 00:00:00,AMZN,BOT,176798503194741797031681486820974604199922815355863558561171300435869198385834979256452813078248962048372224029275553212465090892855803326376156594176,ARCA,135.77,8.83992515973709e+146
2010-04-30 00:00:00,AAPL,BOT,1308044723142861761978685202331897913311644793568087450535827353925398102056360849067040458252394613595701429584648319629160745077532456374310216400896,ARCA,261.09,6.540223615714309e+147
2010-04-30 00:00:00,AMZN,BOT,258742209186073067190716563457000400662360239679982772439406028815480970797155460692156755870653923369775158178347627268430792986171033040337097457664,ARCA,137.1,1.2937110459303653e+147
2010-06-30 00:00:00,AAPL,SLD,943081692937160859327284816227079708060778180503870098926038493522862194652352678590659969596933141154723462899986903657051361400944410046971881979904,ARCA,251.53,4.715408464685804e+147
2010-06-30 00:00:00,AMZN,SLD,42973842432744900382291865233309869389799134711053578683802246873630958023151209571414403189677662644555111812464455203466783848590711065500989784064,ARCA,109.26,2.1486921216372452e+146
2010-08-31 00:00:00,AAPL,SLD,424554369468957169012827724788466925472197046076374791455300925979750361995799274752302135772384896483246533879990326966223446529619041698579631570944,ARCA,243.1,2.122771847344786e+147
2010-08-31 00:00:00,AMZN,SLD,179116771663527133387743161736583249360044380971669715692763509640121614956153138188773651243266241292426326318812783768261632305476267916222462427136,ARCA,124.83,8.955838583176357e+146
2010-09-30 00:00:00,AAPL,BOT,1619452331764408566616224566276159649682636764246719529542111188021679581710196475222000263361507002109652717802015753831976331430319795480801627340800,ARCA,283.75,8.097261658822043e+147
2010-09-30 00:00:00,AMZN,BOT,291802143394440475207962873847555407007055355823029024705346362216701728505133865564223095017298442551825611450073519126914331845167797852748554174464,ARCA,157.06,1.4590107169722024e+147
2010-11-30 00:00:00,AAPL,BOT,2273546834986749401210758867776805484129417900402913752877629587717350948822764112847755632747203944894086532885315213990109173548988891906426401718272,ARCA,311.15,1.1367734174933747e+148
2010-11-30 00:00:00,AMZN,BOT,330737812379550598989138009168862289500806712448477976125177400560066400112313103081445793930755857622046515005182807716796396187684567613994604429312,ARCA,175.4,1.6536890618977532e+147
2010-12-31 00:00:00,AAPL,BOT,1519568146620600211592438622074150752619518619183266419655360186673009986916338900421981263622922941670917155080968663244590037288739852793757145497600,ARCA,322.56,7.597840733103001e+147
2010-12-31 00:00:00,AMZN,BOT,201742583500252700297692583902423914282182993010025489636809840453115434490918919447194547862468556338808342867762166745538733930814539617462816604160,ARCA,180.0,1.0087129175012635e+147
2011-01-31 00:00:00,AAPL,BOT,1588042727885426488680105018479177791767278964186873498028173340542134684151643470645588321026324726568416003211072082418796099976753015696871701610496,ARCA,339.32,7.940213639427133e+147
2011-01-31 00:00:00,AMZN,BOT,429837424192558943183638479392515908985847939808148816767597889376091131650109105349630414753232516741349893343656099267853455004834228069121088552960,ARCA,169.64,2.149187120962795e+147
2011-02-28 00:00:00,AAPL,BOT,1842106168306038622690640249013090723552429584347213591482399037573086785935187668934797705981181393984083314682704695436814590778315883910783769247744,ARCA,353.21,9.210530841530194e+147
2011-02-28 00:00:00,AMZN,BOT,345894005120956488816100077172364279004524205740253058976446904786843454287093122819213421018456679746271748601531045185525892960422778741446410240000,ARCA,173.29,1.7294700256047824e+147
2011-03-31 00:00:00,AAPL,SLD,257189065715758113533164792189421973826766224299593206660010459824503123300406228079075103166866145320478265828824178857085776657167599202845277028352,ARCA,348.5075,1.2859453285787905e+147
2011-03-31 00:00:00,AMZN,SLD,173517372172846223581081938741468134486935405237923172896171795334528728761956525569196230139162109435813531446423826055840403226216613791125326528512,ARCA,180.13,8.675868608642311e+146
2011-05-31 00:00:00,AAPL,SLD,544507759185160544031199506745980483897636495694008911293512854166803160933003092663597402009928651561379981817393445716501693881574140771743607816192,ARCA,347.83,2.722538795925803e+147
2011-05-31 00:00:00,AMZN,SLD,243786933835987615250896933326839680049872614176941975326033956514805325852491317817165567919334844202467120117965275322429078960826657410821539233792,ARCA,196.69,1.2189346691799382e+147
2011-06-30 00:00:00,AAPL,SLD,1957328388425196796426709226637638777068405674698594527186034949613466977472488848367350679640806094476337868793015082485501730257894744314098193793024,ARCA,335.67,9.786641942125984e+147
2011-06-30 00:00:00,AMZN,SLD,407535899540466467514107360744998794992870502201154502004664505744429116627597006423586837870776888147895804574935111455401752520912087153344816087040,ARCA,204.49,2.0376794977023325e+147
2011-08-31 00:00:00,AAPL,BOT,3860505448437680783452821979455115730232009739847620309019846549382989864128525918932948774538726136136073648637519663672775789996859640998604318965760,ARCA,384.83,1.9302527242188404e+148
2011-08-31 00:00:00,AMZN,BOT,907887948902159935671617198324364931490198461290178467047897428889002464377053354418455259893843041688520272171697717245858409473381162985000215248896,ARCA,215.23,4.5394397445108e+147
2011-09-30 00:00:00,AAPL,BOT,1060974095538343728755499953418974261789239324751974928966003309405553027738973160663207526692215552441314129517845838457656698125285074817562429095936,ARCA,381.32,5.304870477691719e+147
2011-09-30 00:00:00,AMZN,SLD,54827283478007008008292990359640054626575457493462712949571408833451954216257315564969957475232936569401532653393709292705867638211963876242922405888,ARCA,216.23,2.7413641739003503e+146
2011-10-31 00:00:00,AAPL,BOT,3004891402756144227927090664653199604437285214115208735004908588694723460051325347971062364891846388330554969458873222299225900994943926570720813907968,ARCA,404.78,1.5024457013780722e+148
2011-10-31 00:00:00,AMZN,BOT,736399506060830501164671156097246769123808403246471487526702247113725828455899482163978914059900572225294220922488836625351796664340577028904740454400,ARCA,213.51,3.6819975303041525e+147
2011-11-30 00:00:00,AAPL,SLD,3957126209546916739616231813211285527766327915189585214685967833360307187906089723258223299168608011505712299378341854336661134302764577448828904407040,ARCA,382.2,1.9785631047734583e+148
2011-11-30 00:00:00,AMZN,SLD,613764315157318077939776326639596165488084974219800985117668553548027742078148766110252692503434379568352104924488564364652326682547988033970691375104,ARCA,192.29,3.0688215757865903e+147
2012-01-31 00:00:00,AAPL,BOT,7673983729440983595268339119519883105599587177238386009030029713431406394553235109691807251696139234952751175089241737800713554753982650140768086261760,ARCA,456.48,3.836991864720492e+148
2012-01-31 00:00:00,AMZN,BOT,2554940993127490793073584031047349861540166098951190156438157199091420464334422613297434121371963814575468574582223320851732490418213704732321127596032,ARCA,194.44,1.2774704965637456e+148
2012-02-29 00:00:00,AAPL,BOT,14210677759116019945264712557764300129675246663622408199677561613152394671891851172359240996210105004321633785462364599955166589923957694747042002239488,ARCA,542.44,7.10533887955801e+148
2012-02-29 00:00:00,AMZN,BOT,5361428646628409205413643317654297388888265537128487743994353342372338094189328065823852744698167288629694241839726260004406012890165390962010965934080,ARCA,179.69,2.6807143233142045e+148
2012-04-30 00:00:00,AAPL,BOT,16824738785402682894286806784527094817811851427752034466690781142634392999137396923161561898177765903268222997083813949091738774650678350627777342865408,ARCA,583.98,8.412369392701342e+148
2012-04-30 00:00:00,AMZN,BOT,1807464694585805195074483515320372070120879914492089248475442373172279998115778600568021971138159817817253369839263610271970585194098817326080896008192,ARCA,231.9,9.037323472929026e+147
2012-05-31 00:00:00,AAPL,SLD,694421569396449827409974870785825259955999723365900506803984717917473331491158106670464057437946627300035654780826447011481526983323628787277294993408,ARCA,577.73,3.472107846982249e+147
2012-05-31 00:00:00,AMZN,BOT,32911524802976125813393794719862587461958975097054961611046644893935977820523916329817939756578167073869415297561642214595901977565926173604937990144,ARCA,212.91,1.6455762401488063e+146
2012-07-31 00:00:00,AAPL,BOT,12567541174599090039134006389788866748093283122514155983967238354288065203859574078895007877152652207474643454133114670727051011398972220363984888397824,ARCA,610.76,6.283770587299545e+148
2012-07-31 00:00:00,AMZN,BOT,2662590053743104464119999422994380281103065842422170452154078833011086131056258220869659947406450931705991502569340117211493850391109444654161398333440,ARCA,233.3,1.3312950268715522e+148
2012-08-31 00:00:00,AAPL,BOT,21392814039215300714008114163361291156580777790625012574691631971229348469989783082388397803691291186384178214228783267314004394550866889194610683281408,ARCA,665.24,1.069640701960765e+149
2012-08-31 00:00:00,AMZN,BOT,5649916779320748885716933947787515457001344702715582175192728877392620314446385641686208782551057880237090361121033226559940934635098836105920715423744,ARCA,248.27,2.824958389660374e+148
2012-10-31 00:00:00,AAPL,SLD,34839169335603030264106475824240846550045024272411189278573470724636796966550455254528595786508602662073028045703949789605683707360069971564023580196864,ARCA,595.32,1.7419584667801513e+149
2012-10-31 00:00:00,AMZN,SLD,9421012190193371453940951649970939609077605623432799806060534743077218742389800959786887175104432850389948000712647825949281213737025984651368375255040,ARCA,232.8931,4.7105060950966865e+148
2012-11-30 00:00:00,AAPL,SLD,10425670109104746895471201201303621196849309893386814038260737910381367789868488289582864271377226379878599217100558851911556466468952683403238239633408,ARCA,585.28,5.212835054552374e+148
2012-11-30 00:00:00,AMZN,SLD,2871909205458129623116725563203940019570655124833506168470511316509843967460951549171856384234283343128464314415399224339131293989425946791435374166016,ARCA,252.05,1.4359546027290648e+148
2012-12-31 00:00:00,AAPL,SLD,15859513380635192381676572622754412835090826362960167327734205770645594264851590399190221525238867990672204472944313117162395135642907498065149189685248,ARCA,532.1729,7.929756690317597e+148
2012-12-31 00:00:00,AMZN,SLD,3555522110639743107873249831835218370714189371504593497244981694517491334380570341546109191102061350811021451344765868952911697092855818607645467607040,ARCA,250.87,1.7777610553198715e+148
2013-01-31 00:00:00,AAPL,SLD,14088078179624905050549925822242644995206474751720787392595169644329340639708975071429030069085260778289558866393684263556865763211825613568854435299328,ARCA,455.49,7.044039089812452e+148
2013-01-31 00:00:00,AMZN,SLD,3066590113433878939040698211589247077167847498752653922170127656826590229077128786413274999025234915997478650636712256522416962303461150234187441111040,ARCA,265.5,1.5332950567169394e+148
2013-02-28 00:00:00,AAPL,SLD,2636231343434576202390057839452132194136883849549568566506334623506337147873608276884019898381033060055176225267127536245226236039325247312476522938368,ARCA,441.4,1.3181156717172881e+148
2013-02-28 00:00:00,AMZN,SLD,363857670450340795555768126660112822513138218403383866901733765533366238900219018699478854788850440591846853989085334322052000270297543033410000257024,ARCA,264.27,1.819288352251704e+147
2013-04-30 00:00:00,AAPL,SLD,164830461426456675839156039431801049306823665877521230807749510895112656425199648505819428888441625480839850946764398909085404924284198734761362980864,ARCA,442.78,8.241523071322834e+146
2013-04-30 00:00:00,AMZN,BOT,26952203640752701646114889916563125827449257033585633726227743697382622852549240173959912165894555315129818318502115771877647807197869596504936677376,ARCA,253.81,1.3476101820376352e+146
2013-05-31 00:00:00,AAPL,BOT,534714476184542901520209975181590372467370937413384209276565987576773635773666874882397425687910839694436445082442313201782670610774062545277108092928,ARCA,449.735,2.6735723809227145e+147
2013-05-31 00:00:00,AMZN,SLD,21836433016059136352090252134629764672629115429786681659667500231814078544774179916632057723482158392732593779637504883103640530681816502704430645248,ARCA,269.2,1.0918216508029569e+146
2013-07-31 00:00:00,AAPL,BOT,152605259846248823299185181524047229344895425961695421692106322110526665475877099190729469451193791809312540050299245270566446836690479033726575575040,ARCA,452.53,7.630262992312441e+146
2013-07-31 00:00:00,AMZN,SLD,55066143935460865438619372969615929722192210834014621775487209080348245146365148559962939700472213813351404165565163053078487269831675878179176710144,ARCA,301.22,2.7533071967730432e+146
2013-09-30 00:00:00,AAPL,BOT,1348010788484439530453070151642718769085921602151178485724866675389115864922804328500426310346894832541545783623702071595524330587447968271738402242560,ARCA,476.75,6.740053942422198e+147
2013-09-30 00:00:00,AMZN,BOT,134704526650121643388617464867547085086215730120622864944587639047901812680650138772532705148088167698934834893971139122982496634698330207350169796608,ARCA,312.64,6.735226332506083e+146
2013-10-31 00:00:00,AAPL,BOT,2748910162577747519066003947265849518831732283885414500718341250132365222033067891108757243073333711287691302514431965388338850727607049395581344546816,ARCA,522.702,1.3744550812888737e+148
2013-10-31 00:00:00,AMZN,BOT,351776146993105719524575357670973003970355755756218135548350540694756837293645201473138673388163814932979539517773947167009203222680439695815508754432,ARCA,364.03,1.7588807349655285e+147
2013-12-31 00:00:00,AAPL,BOT,3061698996933359527667292505030338866993531252731418555490198073360249116791727830397831548871399505966817381615248987040684192585521554709225337257984,ARCA,561.02,1.5308494984666798e+148
2013-12-31 00:00:00,AMZN,BOT,466648948927946392261872779234846481764398557433528210589750789854019046594872902271419891452815550198652626763592762839577237967924619813272521015296,ARCA,398.79,2.333244744639732e+147
2014-01-31 00:00:00,AAPL,SLD,5401626267415676077084127707288532912017021247057856425457507179531654349712778285325491991119516647800980577533268601625345776313800767582960594452480,ARCA,500.6,2.700813133707838e+148
2014-01-31 00:00:00,AMZN,SLD,877989307391385838896634865679012232841293523046179977183991221356954572061768914156148900393786304980566507539354848425986821800023565061243866710016,ARCA,358.69,4.389946536956929e+147
2014-02-28 00:00:00,AAPL,SLD,95317020439747513733937636529884314802325265569951834000079479639885946573341392297375126218287587506175275723891724377042731720122620637922845523968,ARCA,526.24,4.765851021987376e+146
2014-02-28 00:00:00,AMZN,BOT,144044640625260567758441640842994996032358560329990811708640920624552107405180686586781434276061305401973993183963524975403770201328520460995198451712,ARCA,362.1,7.2022320312630285e+146
2014-03-31 00:00:00,AAPL,BOT,416975918844366185277167677510093769023818477045010853988472513809988293746984024537386368968291239974546814127179962204909760959072992163641228787712,ARCA,536.74,2.084879594221831e+147
2014-03-31 00:00:00,AMZN,BOT,178876182702598328306839699112250569636499116928065140027602908175432032107897328981039797136959930306178075892971391991219672956878279508258329722880,ARCA,336.365,8.943809135129917e+146
2014-04-30 00:00:00,AAPL,BOT,2727828718878154438694509051474060150002885036230110624612433053058288234077102989549472300123260657385960834288929235870495679362455043804021680766976,ARCA,590.09,1.3639143594390773e+148
2014-04-30 00:00:00,AMZN,BOT,978761361968939531531361809789605013944473861457353736105349733158755193557869343474763556749885323215331405035995981293285865266880181946079233703936,ARCA,304.13,4.893806809844698e+147
2014-06-30 00:00:00,AAPL,SLD,42800670706919448590613447752286306609869270579677916508061584106665435593022043383834962595746138756026431172576373173817404397602091805156477637754880,ARCA,92.93,2.1400335353459722e+149
2014-06-30 00:00:00,AMZN,SLD,927864483841020089686480185164640609431153026812908318792629244324008578187166466214440364512665392085259764749616595975334928433501926192817299783680,ARCA,324.78,4.639322419205101e+147
2014-07-31 00:00:00,AAPL,BOT,38055898649434976119619650831457284647395530964727531046374218936799078059418500729049127025932349963906955781009776921134996421728841103295570264457216,ARCA,95.6,1.9027949324717489e+149
2014-07-31 00:00:00,AMZN,SLD,27321633820804434823014842338889918872995706089153481768163673446231907054178817392276945176602297827595480960706554133894191737078971257974973660135424,ARCA,312.99,1.3660816910402218e+149
2014-09-30 00:00:00,AAPL,SLD,37041060563658696906352641864375124456888801691322780594449264605676196162696560133313494717420833188233908945700932043116090858742965013755288122032128,ARCA,100.75,1.8520530281829346e+149
2014-09-30 00:00:00,AMZN,BOT,27393092381497473678950356488473647615489360229175235398774050426259701722160738471263893756675794862219425841018721729531301852831915858400468906541056,ARCA,322.44,1.3696546190748736e+149
2014-10-31 00:00:00,AAPL,SLD,60104977813432588978729260884583624444226959845776591877070613775367525317984655378311845712225700665542726236637218393967915016074853820997996078170112,ARCA,108.0,3.0052488906716294e+149
2014-10-31 00:00:00,AMZN,SLD,4504926088910741530154725599509809459890183885358101659523893298249847024004153148950066537997165769210122589990345115008469854429305636844502316482560,ARCA,305.46,2.2524630444553708e+148
2014-12-31 00:00:00,AAPL,BOT,87415911028713996068944841778189664191735420121631303734100291772289664917554262653906842261683459712854367561899268232057401842370999977339937970192384,ARCA,110.38,4.3707955514357e+149
2014-12-31 00:00:00,AMZN,SLD,56915862960437370576631850355566691541518086746790914652792224747194868836884907676788084437938774768609665164338646795910491824866460363830628582424576,ARCA,310.35,2.8457931480218687e+149
2015-03-31 00:00:00,AAPL,SLD,38118224188201462467388227478104318762734182889033178170566840281296422642913796413435683728285969878830651541435257332748273829571548460590529102479360,ARCA,124.43,1.9059112094100732e+149
2015-03-31 00:00:00,AMZN,BOT,61390119743497102051775352249243114300241951284719047364204686623196564785336334625602452934554244353537045297212844287658394849416432912276261944950784,ARCA,372.1,3.069505987174855e+149
2015-04-30 00:00:00,AAPL,SLD,175567095258326500995769267660122702526046842264544724645270998639798936581273850441202904169944857798457031023616715139674992155535540304944914312986624,ARCA,125.15,8.778354762916325e+149
2015-04-30 00:00:00,AMZN,SLD,668159379802214794488492835761360907709538341260608968903915420674429468148104713394469100903868902564037517454240445147051646772658525999616013369344,ARCA,421.78,3.340796899011074e+147
2015-06-30 00:00:00,AAPL,BOT,219839138330826424311901979634858261210756141993812649179355075012949848244196352011396092033699468072350323775537464126020344010406638900579861104951296,ARCA,125.425,1.099195691654132e+150
2015-06-30 00:00:00,AMZN,SLD,84797423774830826404736141583076578787644754101242080811580644152034605365493595208718693590224097561897752004733550722564833547421309194122801935548416,ARCA,434.09,4.239871188741542e+149
2015-07-31 00:00:00,AAPL,SLD,87750498542520620675014040724002390515593952562131940479367288687475995746057186696614475517505513665603389921497763455734191666520143553886102879207424,ARCA,121.3,4.387524927126031e+149
2015-07-31 00:00:00,AMZN,BOT,86919100270476876095926115123265686431330424803710659799019221472350787960394723819707184423775702958866872485043808131257992262659715524889677133774848,ARCA,536.15,4.3459550135238435e+149
2015-08-31 00:00:00,AAPL,SLD,394853409139772867959280863316468728991375726264926538850898031312660988384264206770660471005653311180313690873824623869258901789463728425346666367811584,ARCA,112.76,1.9742670456988645e+150
2015-08-31 00:00:00,AMZN,SLD,1241449068855098364543682522332366145786502390664415579968335709773123512786271997420865176152729130020011525812680648465232175524795247052711905984512,ARCA,512.89,6.2072453442754924e+147
2015-09-30 00:00:00,AAPL,BOT,481885180250316792516174247357937828991999925267061535917764199399126857347734703178716462153490738784278455848056204433626812257091892510619202620489728,ARCA,109.95,2.409425901251584e+150
2015-09-30 00:00:00,AMZN,SLD,122697650675423347373558559140065737559649756050115816300619993119552614093941496536908125055546985398875451592909579078397376159648978307037256256323584,ARCA,511.67,6.134882533771168e+149
2015-11-30 00:00:00,AAPL,SLD,124566172615465846057782547014433385429060413626698073671358994024131125691100243484354269509118652634648761066209450184825911777714523081055338382753792,ARCA,118.3,6.228308630773292e+149
2015-11-30 00:00:00,AMZN,BOT,123660768546427012928164322144225586730713532651527042728993304527927656198588510596239173994425082401362377348879521067016720059098223302992828825600000,ARCA,664.8,6.183038427321351e+149
2015-12-31 00:00:00,AAPL,SLD,806886190673344188735525631805926895029528834095750936008301413329204826298782337154161514376257783825270467608897201774349167555400633779077718317465600,ARCA,105.26,4.034430953366721e+150
2015-12-31 00:00:00,AMZN,BOT,4371941113577930272255538546951746759260844027666700745132146977659086784452592807399862718943600563891695804911016597742671721844573162068951657611264,ARCA,675.89,2.1859705567889653e+148
2016-02-29 00:00:00,AAPL,BOT,947693019630307756197629699064107514068237261204705317284931334986457369904132226465323675773476947219113809941285195272377440305412756127218922329997312,ARCA,96.69,4.738465098151539e+150
2016-02-29 00:00:00,AMZN,SLD,178044151695932710210231953937032857709244119916773210678510311809470017397192477202953838214152248836014263905130277195279228435301360413560910146174976,ARCA,552.52,8.902207584796636e+149
2016-03-31 00:00:00,AAPL,SLD,330332245541086222982319530216664148808119338009131316030243261329132439721769395906115721810434326243535414328494465417436563026165393703258941351264256,ARCA,108.99,1.6516612277054312e+150
2016-03-31 00:00:00,AMZN,BOT,178944570208525000644325927052691888791031646194868671592031643402524421894137309097642143418498574515339473291524368320696153278648622263436192585351168,ARCA,593.64,8.94722851042625e+149
2016-05-31 00:00:00,AAPL,SLD,871855452601181296188832607786816045064338916097340931305468982582674717001346347804822558976960126365566610294121370192295131907200219874530202702839808,ARCA,99.86,4.3592772630059066e+150
2016-05-31 00:00:00,AMZN,SLD,18409759283160060129379313674548654254452969311098675695258947296356590740777466276945303858886776233035128817603598542387464957447366964193378170830848,ARCA,722.79,9.204879641580029e+148
2016-06-30 00:00:00,AAPL,BOT,1095754900997159714503304045875356371625331346362974381782019315423372704212874924407157354980580483913448691814745610624653294505507156172437971133267968,ARCA,95.6,5.478774504985799e+150
2016-06-30 00:00:00,AMZN,SLD,134862348016650951746949001607221900934587872731715519392757981271698150268244649131076401212208297195661162382274993755978475375875026104968044076859392,ARCA,715.62,6.743117400832547e+149
2016-08-31 00:00:00,AAPL,SLD,393776151745444512426109559946456455601608580048603979388066665765975791024555938690781544875815910433692575008697898829962096001429724836932073633611776,ARCA,106.1,1.9688807587272226e+150
2016-08-31 00:00:00,AMZN,BOT,145309597711194530683938875942514962043861389842467616152777116239111746477749057827304405724867198727650796123910413095453907834494722288937931567529984,ARCA,769.16,7.265479885559726e+149
2016-09-30 00:00:00,AAPL,SLD,704287425030734721055975465981358481001000371923497127752532513598655009538264363506560648570385910087302565234930627390720257341697997329452912183607296,ARCA,113.05,3.5214371251536735e+150
2016-09-30 00:00:00,AMZN,SLD,29120558695135716104851937413044531820429613066767568616222399733353940777983152848878562110130695191662053183435318998539556054019798369951939106439168,ARCA,837.31,1.456027934756786e+149
2016-10-31 00:00:00,AAPL,BOT,1066102396140840339390190739967454493880136810544291835938363368693976675267822494181647667097304143969424692839307886025253444294650927875513797847285760,ARCA,113.54,5.330511980704202e+150
2016-10-31 00:00:00,AMZN,SLD,106017795519642016326207961864404582688902079376284065741236589005951848485096040666128037730406405179479938033236227770169122569095622062963499082973184,ARCA,789.82,5.300889775982101e+149
2016-11-30 00:00:00,AAPL,SLD,568967824487478542539631656797750466318416096979963434106903915824581565146789751212263505172292641358086911203796210495218635159128612233265762195734528,ARCA,110.52,2.8448391224373928e+150
2016-11-30 00:00:00,AMZN,BOT,134377668508031049224171190436786075847828115918840132905724511336036562712004961099883309032178463836353843190601303401362513179911118932715166796611584,ARCA,750.57,6.718883425401553e+149
2017-01-31 00:00:00,AAPL,SLD,287983229098910354848788408445685253459515616706221644083406555443520310702211948766674468910371593651793294121360399340974865852075786420983557248778240,ARCA,121.35,1.4399161454945518e+150
2017-01-31 00:00:00,AMZN,SLD,60322811112357054643397169366347521625144781655780516976410455542818256766447970775010901272372258320279290417390916043680641698769791100998879669125120,ARCA,823.48,3.016140555617853e+149
2017-02-28 00:00:00,AAPL,BOT,871144139607385171927826574761575052770805004229281175010933603768620815689931526450986968648468991954107453786437241731774408725401517269441745453580288,ARCA,136.99,4.355720698036926e+150
2017-02-28 00:00:00,AMZN,SLD,54202752884103165278620964584171958133791883104318697326270127255115600179965948904105716573183549515868017279500616014563029691307651730800663001563136,ARCA,845.04,2.7101376442051585e+149
2017-03-31 00:00:00,AAPL,SLD,565556982540749113238194118275235704273255080169302065610230137913430587094967521520226963645821289089788921742237424715795183047121463211116131921166336,ARCA,143.66,2.8277849127037454e+150
2017-03-31 00:00:00,AMZN,BOT,117065129417383163104000413699765197138457927001327884808989774321885725100960387606645527329728387436862502812532648927943158177269010070949927457914880,ARCA,886.54,5.853256470869158e+149
2017-05-31 00:00:00,AAPL,SLD,92870646341763986585087651458050368032479211888424573419933643520990882954134401142753823019305398831485930442456258339230054625594290437655704228593664,ARCA,152.76,4.6435323170882e+149
2017-05-31 00:00:00,AMZN,SLD,68465192275989626191401952340737370465746609324674529990589430187921619631144876115071115093090010643216992823604013838787769177029843203286564230660096,ARCA,994.62,3.423259613799481e+149
